AGE_CAT,MEDV
Yeni,27.48688524590164
Orta,25.402906976744188
Eski,19.61758241758242
